{"cameraMode":{"drawMode":0,"name":"Shaded","section":"Shading Mode"},"sceneLighting":true,"audioPlay":false,"sceneViewState":{"showFog":true,"showMaterialUpdate":false,"showSkybox":true,"showFlares":true,"showImageEffects":true,"showParticleSystems":true},"in2DMode":false,"pivot":{"x":36.276039123535159,"y":14.507312774658204,"z":2.582836866378784},"rotation":{"x":-0.18695737421512605,"y":0.20405976474285127,"z":-0.039735253900289538,"w":-0.960147500038147},"size":3.5398166179656984,"orthographic":false}