{"cameraMode":{"drawMode":0,"name":"Shaded","section":"Shading Mode"},"sceneLighting":true,"audioPlay":false,"sceneViewState":{"showFog":true,"showMaterialUpdate":true,"showSkybox":true,"showFlares":true,"showImageEffects":true,"showParticleSystems":true},"in2DMode":false,"pivot":{"x":24.5996036529541,"y":-3.7641983032226564,"z":-1.4052125215530396},"rotation":{"x":0.18338941037654878,"y":-0.03189034014940262,"z":0.005746652837842703,"w":0.9826207756996155},"size":61.031211853027347,"orthographic":false}