{"cameraMode":{"drawMode":0,"name":"Shaded","section":"Shading Mode"},"sceneLighting":true,"audioPlay":false,"sceneViewState":{"showFog":true,"showMaterialUpdate":true,"showSkybox":true,"showFlares":true,"showImageEffects":true,"showParticleSystems":true},"in2DMode":false,"pivot":{"x":-201.34429931640626,"y":-35.857173919677737,"z":517.4514770507813},"rotation":{"x":-0.0496496707201004,"y":0.16905921697616578,"z":-0.008530566468834877,"w":-0.984321653842926},"size":704.7762451171875,"orthographic":false}