{"cameraMode":{"drawMode":0,"name":"Shaded","section":"Shading Mode"},"sceneLighting":true,"audioPlay":false,"sceneViewState":{"showFog":true,"showMaterialUpdate":true,"showSkybox":true,"showFlares":true,"showImageEffects":true,"showParticleSystems":true},"in2DMode":false,"pivot":{"x":218.44241333007813,"y":50.63268280029297,"z":-28.732715606689454},"rotation":{"x":0.014999345876276493,"y":-0.0038978008087724449,"z":0.00005846557905897498,"w":0.9998809099197388},"size":139.7355499267578,"orthographic":false}