{"cameraMode":{"drawMode":0,"name":"Shaded","section":"Shading Mode"},"sceneLighting":true,"audioPlay":false,"sceneViewState":{"showFog":true,"showMaterialUpdate":true,"showSkybox":true,"showFlares":true,"showImageEffects":true,"showParticleSystems":true},"in2DMode":false,"pivot":{"x":-46.842281341552737,"y":-3.3143115043640138,"z":-50.176513671875},"rotation":{"x":0.05789637193083763,"y":-0.7041128873825073,"z":0.0577981099486351,"w":0.7053815722465515},"size":60.66546630859375,"orthographic":false}