{"cameraMode":{"drawMode":0,"name":"Shaded","section":"Shading Mode"},"sceneLighting":true,"audioPlay":false,"sceneViewState":{"showFog":false,"showMaterialUpdate":false,"showSkybox":false,"showFlares":false,"showImageEffects":false,"showParticleSystems":false},"in2DMode":false,"pivot":{"x":41.41371154785156,"y":2.2625622749328615,"z":18.625572204589845},"rotation":{"x":-0.1748954951763153,"y":-0.3017427623271942,"z":0.05641473829746246,"w":-0.9355602860450745},"size":21.150964736938478,"orthographic":false}