{"cameraMode":{"drawMode":0,"name":"Shaded","section":"Shading Mode"},"sceneLighting":true,"audioPlay":false,"sceneViewState":{"showFog":false,"showMaterialUpdate":false,"showSkybox":false,"showFlares":false,"showImageEffects":false,"showParticleSystems":false},"in2DMode":false,"pivot":{"x":131.18765258789063,"y":183.9611358642578,"z":-7.410159587860107},"rotation":{"x":0.42533382773399355,"y":-0.5664010047912598,"z":0.430988609790802,"w":0.5591064095497131},"size":7.328919410705566,"orthographic":false}