{"cameraMode":{"drawMode":0,"name":"Shaded","section":"Shading Mode"},"sceneLighting":true,"audioPlay":false,"sceneViewState":{"showFog":true,"showMaterialUpdate":true,"showSkybox":true,"showFlares":true,"showImageEffects":true,"showParticleSystems":true},"in2DMode":false,"pivot":{"x":85.56147766113281,"y":9.203383445739746,"z":253.19406127929688},"rotation":{"x":0.008492359891533852,"y":-0.9044873118400574,"z":-0.018220791593194009,"w":-0.42623651027679446},"size":45.92331314086914,"orthographic":false}