{"cameraMode":{"drawMode":0,"name":"Shaded","section":"Shading Mode"},"sceneLighting":true,"audioPlay":false,"sceneViewState":{"showFog":true,"showMaterialUpdate":true,"showSkybox":true,"showFlares":true,"showImageEffects":true,"showParticleSystems":true},"in2DMode":false,"pivot":{"x":94.21646118164063,"y":-15.381826400756836,"z":-56.292903900146487},"rotation":{"x":0.11739985644817352,"y":0.748833954334259,"z":-0.13789115846157075,"w":0.6375428438186646},"size":104.86268615722656,"orthographic":false}