{"cameraMode":{"drawMode":0,"name":"Shaded","section":"Shading Mode"},"sceneLighting":true,"audioPlay":false,"sceneViewState":{"showFog":false,"showMaterialUpdate":false,"showSkybox":false,"showFlares":false,"showImageEffects":false,"showParticleSystems":false},"in2DMode":false,"pivot":{"x":104.4773178100586,"y":13.687243461608887,"z":115.16143798828125},"rotation":{"x":-0.031253378838300708,"y":-0.7970547080039978,"z":0.04140738025307655,"w":-0.601767897605896},"size":7.328915119171143,"orthographic":false}