{"cameraMode":{"drawMode":0,"name":"Shaded","section":"Shading Mode"},"sceneLighting":true,"audioPlay":false,"sceneViewState":{"showFog":false,"showMaterialUpdate":false,"showSkybox":false,"showFlares":false,"showImageEffects":false,"showParticleSystems":false},"in2DMode":false,"pivot":{"x":21.27492904663086,"y":6.798949718475342,"z":-8.827396392822266},"rotation":{"x":0.2965668737888336,"y":0.2147480845451355,"z":-0.06865149736404419,"w":0.9280447959899902},"size":2.286306381225586,"orthographic":false}