{"cameraMode":{"drawMode":0,"name":"Shaded","section":"Shading Mode"},"sceneLighting":true,"audioPlay":false,"sceneViewState":{"showFog":false,"showMaterialUpdate":false,"showSkybox":false,"showFlares":false,"showImageEffects":false,"showParticleSystems":false},"in2DMode":false,"pivot":{"x":78.12483215332031,"y":29.90520477294922,"z":-47.2331428527832},"rotation":{"x":-0.12743015587329865,"y":0.09705103188753128,"z":-0.012574948370456696,"w":-0.9870390295982361},"size":7.328919410705566,"orthographic":false}