{"cameraMode":{"drawMode":0,"name":"Shaded","section":"Shading Mode"},"sceneLighting":true,"audioPlay":false,"sceneViewState":{"showFog":false,"showMaterialUpdate":false,"showSkybox":false,"showFlares":false,"showImageEffects":false,"showParticleSystems":false},"in2DMode":false,"pivot":{"x":29.60161590576172,"y":7.757880210876465,"z":-15.926496505737305},"rotation":{"x":0.19497381150722505,"y":0.07549162954092026,"z":-0.015227030962705613,"w":0.9779095649719238},"size":6.499107360839844,"orthographic":false}