{"cameraMode":{"drawMode":0,"name":"Shaded","section":"Shading Mode"},"sceneLighting":true,"audioPlay":false,"sceneViewState":{"showFog":false,"showMaterialUpdate":false,"showSkybox":false,"showFlares":false,"showImageEffects":false,"showParticleSystems":false},"in2DMode":false,"pivot":{"x":118.77078247070313,"y":76.59151458740235,"z":6.1948561668396},"rotation":{"x":-0.2154616415500641,"y":0.7119319438934326,"z":-0.24696916341781617,"w":-0.6211593747138977},"size":7.328919410705566,"orthographic":false}