{"cameraMode":{"drawMode":0,"name":"Shaded","section":"Shading Mode"},"sceneLighting":true,"audioPlay":false,"sceneViewState":{"showFog":true,"showMaterialUpdate":true,"showSkybox":true,"showFlares":true,"showImageEffects":true,"showParticleSystems":true},"in2DMode":false,"pivot":{"x":39.17340087890625,"y":-13.577783584594727,"z":12.617607116699219},"rotation":{"x":0.10599035769701004,"y":0.22034192085266114,"z":-0.02405942976474762,"w":0.9693824648857117},"size":91.50804901123047,"orthographic":false}