{"cameraMode":{"drawMode":0,"name":"Shaded","section":"Shading Mode"},"sceneLighting":true,"audioPlay":false,"sceneViewState":{"showFog":true,"showMaterialUpdate":true,"showSkybox":true,"showFlares":true,"showImageEffects":true,"showParticleSystems":true},"in2DMode":false,"pivot":{"x":10.038561820983887,"y":622.5440063476563,"z":24.753761291503908},"rotation":{"x":0.6756507754325867,"y":0.027840038761496545,"z":-0.025550011545419694,"w":0.736255943775177},"size":22.0,"orthographic":false}