{"cameraMode":{"drawMode":0,"name":"Shaded","section":"Shading Mode"},"sceneLighting":true,"audioPlay":false,"sceneViewState":{"showFog":false,"showMaterialUpdate":false,"showSkybox":false,"showFlares":false,"showImageEffects":false,"showParticleSystems":false},"in2DMode":false,"pivot":{"x":17.328908920288087,"y":45.16732406616211,"z":239.56948852539063},"rotation":{"x":0.0413232147693634,"y":0.9561313390731812,"z":-0.2379341423511505,"w":0.16601470112800599},"size":68.05125427246094,"orthographic":false}