{"cameraMode":{"drawMode":0,"name":"Shaded","section":"Shading Mode"},"sceneLighting":true,"audioPlay":false,"sceneViewState":{"showFog":false,"showMaterialUpdate":false,"showSkybox":false,"showFlares":false,"showImageEffects":false,"showParticleSystems":false},"in2DMode":false,"pivot":{"x":53.7555046081543,"y":29.202293395996095,"z":26.007160186767579},"rotation":{"x":-0.25767096877098086,"y":0.21326136589050294,"z":-0.05826715752482414,"w":-0.9407533407211304},"size":6.499107360839844,"orthographic":false}