{"cameraMode":{"drawMode":0,"name":"Shaded","section":"Shading Mode"},"sceneLighting":true,"audioPlay":false,"sceneViewState":{"showFog":true,"showMaterialUpdate":true,"showSkybox":true,"showFlares":true,"showImageEffects":true,"showParticleSystems":true},"in2DMode":false,"pivot":{"x":-4.789999961853027,"y":6.607999801635742,"z":-58.810001373291019},"rotation":{"x":0.10756569355726242,"y":0.06314443796873093,"z":-0.007231132593005896,"w":0.992290735244751},"size":22.0,"orthographic":false}