{"cameraMode":{"drawMode":0,"name":"Shaded","section":"Shading Mode"},"sceneLighting":true,"audioPlay":false,"sceneViewState":{"showFog":false,"showMaterialUpdate":false,"showSkybox":false,"showFlares":false,"showImageEffects":false,"showParticleSystems":false},"in2DMode":false,"pivot":{"x":60.01548385620117,"y":14.538375854492188,"z":-154.42274475097657},"rotation":{"x":0.0074795945547521118,"y":-0.9832225441932678,"z":-0.04100421443581581,"w":-0.17802006006240846},"size":7.045539855957031,"orthographic":false}