{"cameraMode":{"drawMode":0,"name":"Shaded","section":"Shading Mode"},"sceneLighting":true,"audioPlay":false,"sceneViewState":{"showFog":true,"showMaterialUpdate":true,"showSkybox":true,"showFlares":true,"showImageEffects":true,"showParticleSystems":true},"in2DMode":false,"pivot":{"x":-41.57854080200195,"y":0.04497566446661949,"z":50.17022705078125},"rotation":{"x":0.20355623960494996,"y":-0.17896120250225068,"z":0.03770465776324272,"w":0.9619423151016235},"size":267.6339111328125,"orthographic":false}