{"cameraMode":{"drawMode":0,"name":"Shaded","section":"Shading Mode"},"sceneLighting":true,"audioPlay":false,"sceneViewState":{"showFog":false,"showMaterialUpdate":false,"showSkybox":false,"showFlares":false,"showImageEffects":false,"showParticleSystems":false},"in2DMode":false,"pivot":{"x":47.497337341308597,"y":-48.41067123413086,"z":46.22040557861328},"rotation":{"x":-0.20800603926181794,"y":-0.17411664128303529,"z":0.03785766288638115,"w":-0.9619262218475342},"size":138.18838500976563,"orthographic":false}