{"cameraMode":{"drawMode":0,"name":"Shaded","section":"Shading Mode"},"sceneLighting":true,"audioPlay":false,"sceneViewState":{"showFog":false,"showMaterialUpdate":false,"showSkybox":false,"showFlares":false,"showImageEffects":false,"showParticleSystems":false},"in2DMode":false,"pivot":{"x":38.98112487792969,"y":16.102827072143556,"z":-73.51758575439453},"rotation":{"x":0.14340080320835114,"y":-0.3650036156177521,"z":0.05673164501786232,"w":0.9182977080345154},"size":6.499107360839844,"orthographic":false}