{"cameraMode":{"drawMode":0,"name":"Shaded","section":"Shading Mode"},"sceneLighting":true,"audioPlay":false,"sceneViewState":{"showFog":true,"showMaterialUpdate":true,"showSkybox":true,"showFlares":true,"showImageEffects":true,"showParticleSystems":true},"in2DMode":false,"pivot":{"x":50.28669357299805,"y":13.835103988647461,"z":256.17755126953127},"rotation":{"x":-0.19763444364070893,"y":-0.4687246084213257,"z":0.10848424583673477,"w":-0.8541336059570313},"size":23.725608825683595,"orthographic":false}