{"cameraMode":{"drawMode":0,"name":"Shaded","section":"Shading Mode"},"sceneLighting":true,"audioPlay":false,"sceneViewState":{"showFog":false,"showMaterialUpdate":false,"showSkybox":false,"showFlares":false,"showImageEffects":false,"showParticleSystems":false},"in2DMode":false,"pivot":{"x":206.54193115234376,"y":51.304405212402347,"z":-54.650489807128909},"rotation":{"x":-0.13186891376972199,"y":0.5909807682037354,"z":-0.09846912324428559,"w":-0.7898610830307007},"size":44.4582405090332,"orthographic":false}