{"cameraMode":{"drawMode":0,"name":"Shaded","section":"Shading Mode"},"sceneLighting":true,"audioPlay":false,"sceneViewState":{"showFog":true,"showMaterialUpdate":true,"showSkybox":true,"showFlares":true,"showImageEffects":true,"showParticleSystems":true},"in2DMode":false,"pivot":{"x":-81.67540740966797,"y":-2.326173782348633,"z":-146.6947784423828},"rotation":{"x":-0.3201942443847656,"y":0.5339784026145935,"z":-0.2287413775920868,"w":-0.7484801411628723},"size":39.3369026184082,"orthographic":false}