{"cameraMode":{"drawMode":0,"name":"Shaded","section":"Shading Mode"},"sceneLighting":true,"audioPlay":false,"sceneViewState":{"showFog":true,"showMaterialUpdate":true,"showSkybox":true,"showFlares":true,"showImageEffects":true,"showParticleSystems":true},"in2DMode":false,"pivot":{"x":-17.492727279663087,"y":22.717273712158204,"z":-204.31700134277345},"rotation":{"x":-0.1563023328781128,"y":-0.08256127685308457,"z":0.013122640550136567,"w":-0.9841794967651367},"size":139.7355499267578,"orthographic":false}