{"cameraMode":{"drawMode":0,"name":"Shaded","section":"Shading Mode"},"sceneLighting":true,"audioPlay":false,"sceneViewState":{"showFog":false,"showMaterialUpdate":false,"showSkybox":false,"showFlares":false,"showImageEffects":false,"showParticleSystems":false},"in2DMode":false,"pivot":{"x":6.161012649536133,"y":10.590710639953614,"z":-115.24987030029297},"rotation":{"x":0.07528553903102875,"y":0.36509254574775698,"z":-0.029653558507561685,"w":0.9275124669075012},"size":0.5888141393661499,"orthographic":false}