{"cameraMode":{"drawMode":0,"name":"Shaded","section":"Shading Mode"},"sceneLighting":true,"audioPlay":false,"sceneViewState":{"showFog":true,"showMaterialUpdate":true,"showSkybox":true,"showFlares":true,"showImageEffects":true,"showParticleSystems":true},"in2DMode":false,"pivot":{"x":36.05684280395508,"y":-47.56797790527344,"z":17.45683479309082},"rotation":{"x":-0.26387080550193789,"y":-0.10169254243373871,"z":0.027887385338544847,"w":-0.9590103626251221},"size":200.0518798828125,"orthographic":false}