{"cameraMode":{"drawMode":0,"name":"Shaded","section":"Shading Mode"},"sceneLighting":true,"audioPlay":false,"sceneViewState":{"showFog":false,"showMaterialUpdate":false,"showSkybox":false,"showFlares":false,"showImageEffects":false,"showParticleSystems":false},"in2DMode":false,"pivot":{"x":33.593605041503909,"y":12.166823387145996,"z":24.217159271240236},"rotation":{"x":-0.12855733931064607,"y":0.4437825679779053,"z":-0.06446496397256851,"w":-0.8845576643943787},"size":3.5398166179656984,"orthographic":false}