{"cameraMode":{"drawMode":0,"name":"Shaded","section":"Shading Mode"},"sceneLighting":true,"audioPlay":false,"sceneViewState":{"showFog":false,"showMaterialUpdate":false,"showSkybox":false,"showFlares":false,"showImageEffects":false,"showParticleSystems":false},"in2DMode":false,"pivot":{"x":13.295040130615235,"y":18.5387020111084,"z":-130.2432861328125},"rotation":{"x":0.22955070436000825,"y":0.08455240726470947,"z":-0.020058689638972284,"w":0.9694799184799194},"size":0.5888141393661499,"orthographic":false}