{"cameraMode":{"drawMode":0,"name":"Shaded","section":"Shading Mode"},"sceneLighting":true,"audioPlay":false,"sceneViewState":{"showFog":false,"showMaterialUpdate":false,"showSkybox":false,"showFlares":false,"showImageEffects":false,"showParticleSystems":false},"in2DMode":false,"pivot":{"x":164.87376403808595,"y":81.16786193847656,"z":-112.72007751464844},"rotation":{"x":0.251230925321579,"y":-0.39971569180488589,"z":0.11492191255092621,"w":0.8740570545196533},"size":7.328919410705566,"orthographic":false}