{"cameraMode":{"drawMode":0,"name":"Shaded","section":"Shading Mode"},"sceneLighting":true,"audioPlay":false,"sceneViewState":{"showFog":false,"showMaterialUpdate":false,"showSkybox":false,"showFlares":false,"showImageEffects":false,"showParticleSystems":false},"in2DMode":false,"pivot":{"x":34.238136291503909,"y":14.80320930480957,"z":-22.099056243896486},"rotation":{"x":-0.2692324221134186,"y":0.13543029129505158,"z":-0.03829381987452507,"w":-0.952779233455658},"size":7.328919410705566,"orthographic":false}