{"cameraMode":{"drawMode":0,"name":"Shaded","section":"Shading Mode"},"sceneLighting":true,"audioPlay":false,"sceneViewState":{"showFog":false,"showMaterialUpdate":false,"showSkybox":false,"showFlares":false,"showImageEffects":false,"showParticleSystems":false},"in2DMode":false,"pivot":{"x":56.86093521118164,"y":37.05885314941406,"z":-21.507524490356447},"rotation":{"x":-0.24014852941036225,"y":0.300128698348999,"z":-0.07823225110769272,"w":-0.9199613928794861},"size":24.143157958984376,"orthographic":false}