{"cameraMode":{"drawMode":0,"name":"Shaded","section":"Shading Mode"},"sceneLighting":true,"audioPlay":false,"sceneViewState":{"showFog":false,"showMaterialUpdate":false,"showSkybox":false,"showFlares":false,"showImageEffects":false,"showParticleSystems":false},"in2DMode":false,"pivot":{"x":70.53141784667969,"y":36.99871063232422,"z":-23.761838912963868},"rotation":{"x":-0.2444395273923874,"y":0.5504607558250427,"z":-0.1726405918598175,"w":-0.7794492840766907},"size":7.328915119171143,"orthographic":false}