{"cameraMode":{"drawMode":0,"name":"Shaded","section":"Shading Mode"},"sceneLighting":true,"audioPlay":false,"sceneViewState":{"showFog":false,"showMaterialUpdate":false,"showSkybox":false,"showFlares":false,"showImageEffects":false,"showParticleSystems":false},"in2DMode":false,"pivot":{"x":128.25872802734376,"y":99.88980865478516,"z":136.02743530273438},"rotation":{"x":0.05617261677980423,"y":-0.9252174496650696,"z":0.3444076180458069,"w":0.1501089185476303},"size":5.604026794433594,"orthographic":false}