{"cameraMode":{"drawMode":0,"name":"Shaded","section":"Shading Mode"},"sceneLighting":true,"audioPlay":false,"sceneViewState":{"showFog":true,"showMaterialUpdate":true,"showSkybox":true,"showFlares":true,"showImageEffects":true,"showParticleSystems":true},"in2DMode":false,"pivot":{"x":-18.38963508605957,"y":49.7745361328125,"z":-42.83149337768555},"rotation":{"x":0.3404808044433594,"y":0.2724470794200897,"z":-0.10374372452497482,"w":0.893966019153595},"size":5.715773105621338,"orthographic":false}