{"cameraMode":{"drawMode":0,"name":"Shaded","section":"Shading Mode"},"sceneLighting":true,"audioPlay":false,"sceneViewState":{"showFog":false,"showMaterialUpdate":false,"showSkybox":false,"showFlares":false,"showImageEffects":false,"showParticleSystems":false},"in2DMode":false,"pivot":{"x":67.34504699707031,"y":-15.671592712402344,"z":-21.219200134277345},"rotation":{"x":0.3605320155620575,"y":-0.15613295137882234,"z":0.06136860325932503,"w":0.9175534248352051},"size":182.2359619140625,"orthographic":false}