{"cameraMode":{"drawMode":0,"name":"Shaded","section":"Shading Mode"},"sceneLighting":true,"audioPlay":false,"sceneViewState":{"showFog":true,"showMaterialUpdate":true,"showSkybox":true,"showFlares":true,"showImageEffects":true,"showParticleSystems":true},"in2DMode":false,"pivot":{"x":125.71649169921875,"y":13.070943832397461,"z":354.968994140625},"rotation":{"x":-0.03534289821982384,"y":-0.05004522576928139,"z":0.001879789400845766,"w":-0.998176634311676},"size":24.932527542114259,"orthographic":false}