{"cameraMode":{"drawMode":0,"name":"Shaded","section":"Shading Mode"},"sceneLighting":true,"audioPlay":false,"sceneViewState":{"showFog":false,"showMaterialUpdate":false,"showSkybox":false,"showFlares":false,"showImageEffects":false,"showParticleSystems":false},"in2DMode":false,"pivot":{"x":-8.684150695800782,"y":53.98503494262695,"z":305.3537292480469},"rotation":{"x":0.15044313669204713,"y":0.8187862038612366,"z":-0.24869121611118318,"w":0.4951672852039337},"size":68.05125427246094,"orthographic":false}